{
  "completed_layers": 24,
  "mi_attr": [
    0.2938184104859829,
    0.3988986425101757,
    0.32991619780659676,
    0.40817782655358315,
    0.35864333622157574,
    0.3863653466105461,
    0.4802416153252125,
    0.4128685314208269,
    0.5000783950090408,
    0.5441196598112583,
    0.54922891035676,
    0.5716450363397598,
    0.667893024161458,
    0.5530690625309944,
    0.7646294981241226,
    0.6329965004697442,
    0.8397990521043539,
    0.7670538574457169,
    0.9689691662788391,
    0.913924016058445,
    1.1371243000030518,
    1.0512444265186787,
    1.0963397473096848,
    1.4496409893035889
  ],
  "mi_obj": [
    0.3197290375828743,
    0.46994421631097794,
    0.6732337474822998,
    0.44147888105362654,
    0.7447162568569183,
    0.5677702724933624,
    0.603808831423521,
    0.9270898457616568,
    0.9412760711275041,
    0.7954650381579995,
    0.8204627186059952,
    0.9926423542201519,
    0.8280231785029173,
    1.0248455516994,
    0.8418457172811031,
    1.1009957026690245,
    0.747416821308434,
    1.345345377922058,
    1.0970905646681786,
    1.3116482831537724,
    1.3017310574650764,
    1.5514180548489094,
    1.9060791432857513,
    1.6185033358633518
  ]
}