{
  "layer_indices": [
    0,
    1,
    2,
    3,
    4,
    5,
    6,
    7,
    8,
    9,
    10,
    11,
    12,
    13,
    14,
    15,
    16,
    17,
    18,
    19,
    20,
    21,
    22,
    23
  ],
  "mi_attr": [
    0.2938184104859829,
    0.3988986425101757,
    0.32991619780659676,
    0.40817782655358315,
    0.35864333622157574,
    0.3863653466105461,
    0.4802416153252125,
    0.4128685314208269,
    0.5000783950090408,
    0.5441196598112583,
    0.54922891035676,
    0.5716450363397598,
    0.667893024161458,
    0.5530690625309944,
    0.7646294981241226,
    0.6329965004697442,
    0.8397990521043539,
    0.7670538574457169,
    0.9689691662788391,
    0.913924016058445,
    1.1371243000030518,
    1.0512444265186787,
    1.0963397473096848,
    1.4496409893035889
  ],
  "mi_obj": [
    0.3197290375828743,
    0.46994421631097794,
    0.6732337474822998,
    0.44147888105362654,
    0.7447162568569183,
    0.5677702724933624,
    0.603808831423521,
    0.9270898457616568,
    0.9412760711275041,
    0.7954650381579995,
    0.8204627186059952,
    0.9926423542201519,
    0.8280231785029173,
    1.0248455516994,
    0.8418457172811031,
    1.1009957026690245,
    0.747416821308434,
    1.345345377922058,
    1.0970905646681786,
    1.3116482831537724,
    1.3017310574650764,
    1.5514180548489094,
    1.9060791432857513,
    1.6185033358633518
  ],
  "mi_gap": [
    0.025910627096891403,
    0.07104557380080223,
    0.34331754967570305,
    0.03330105450004339,
    0.3860729206353426,
    0.18140492588281631,
    0.12356721609830856,
    0.5142213143408298,
    0.4411976761184633,
    0.2513453783467412,
    0.27123380824923515,
    0.4209973178803921,
    0.16013015434145927,
    0.47177648916840553,
    0.07721621915698051,
    0.46799920219928026,
    0.0923822307959199,
    0.5782915204763412,
    0.12812139838933945,
    0.3977242670953274,
    0.1646067574620247,
    0.5001736283302307,
    0.8097393959760666,
    0.16886234655976295
  ],
  "config": {
    "output_dir": "./mi_results",
    "num_layers": 24,
    "device": "cuda",
    "mine_hidden_dim": 512,
    "mine_epochs": 300,
    "mine_batch_size": 2048,
    "mine_lr": 0.0001,
    "mine_ema_decay": 0.01,
    "early_stop_patience": 30,
    "pca_dim": 64,
    "probing_result_path": "./probing_results/probing_results.json",
    "seed": 42
  }
}