{
  "layer_indices": [
    0,
    1,
    2,
    3,
    4,
    5,
    6,
    7,
    8,
    9,
    10,
    11,
    12,
    13,
    14,
    15,
    16,
    17,
    18,
    19,
    20,
    21,
    22,
    23
  ],
  "mi_attr": [
    0.2938184104859829,
    0.3988986425101757,
    0.32991619780659676,
    0.40817782655358315,
    0.35864333622157574,
    0.3863653466105461,
    0.4802416153252125,
    0.4128685314208269,
    0.5000783950090408,
    0.5441196598112583,
    0.54922891035676,
    0.5716450363397598,
    0.667893024161458,
    0.5530690625309944,
    0.7646294981241226,
    0.6329965004697442,
    0.8397990521043539,
    0.7670538574457169,
    0.9689691662788391,
    0.913924016058445,
    1.1371243000030518,
    1.0512444265186787,
    1.0963397473096848,
    1.4496409893035889
  ],
  "mi_obj": [
    0.3197290375828743,
    0.46994421631097794,
    0.6732337474822998,
    0.44147888105362654,
    0.7447162568569183,
    0.5677702724933624,
    0.603808831423521,
    0.9270898457616568,
    0.9412760711275041,
    0.7954650381579995,
    0.8204627186059952,
    0.9926423542201519,
    0.8280231785029173,
    1.0248455516994,
    0.8418457172811031,
    1.1009957026690245,
    0.747416821308434,
    1.345345377922058,
    1.0970905646681786,
    1.3116482831537724,
    1.3017310574650764,
    1.5514180548489094,
    1.9060791432857513,
    1.6185033358633518
  ],
  "mi_gap": [
    0.025910627096891403,
    0.07104557380080223,
    0.34331754967570305,
    0.03330105450004339,
    0.3860729206353426,
    0.18140492588281631,
    0.12356721609830856,
    0.5142213143408298,
    0.4411976761184633,
    0.2513453783467412,
    0.27123380824923515,
    0.4209973178803921,
    0.16013015434145927,
    0.47177648916840553,
    0.07721621915698051,
    0.46799920219928026,
    0.0923822307959199,
    0.5782915204763412,
    0.12812139838933945,
    0.3977242670953274,
    0.1646067574620247,
    0.5001736283302307,
    0.8097393959760666,
    0.16886234655976295
  ],
  "nonlinear_gain_attr": [
    0.0,
    0.07880239799149562,
    0.022753262305446817,
    0.06099289768873068,
    0.040340685180315514,
    0.052213915172424796,
    0.12657108523696659,
    0.02104638209323327,
    0.06985387696130235,
    0.09584629545203607,
    0.09663330236047063,
    0.0901896634601849,
    0.3087062134785635,
    0.13306030867406143,
    0.29914313722792935,
    0.13640687078359828,
    0.2911064523796558,
    0.14338844231973158,
    0.20100536250696044,
    -0.07108390074181392,
    0.0457235941755787,
    -0.09398009186577061,
    -0.04890860643078532,
    4.381080731530318e-08
  ],
  "nonlinear_gain_obj": [
    0.0,
    0.04576444683326392,
    0.1725491526152909,
    0.023337098946453708,
    0.20084600345021958,
    0.07858192850987994,
    0.10246942936957022,
    0.2834516053363318,
    0.3044800646432578,
    0.15798311602460896,
    0.16087560887681518,
    0.26726958203615914,
    0.18396514467957167,
    0.3468290298160645,
    0.23556354858501616,
    0.34064136538378875,
    0.05517996034777431,
    0.34243229442378015,
    0.052799561406489004,
    0.020215703296309506,
    -0.058160633873593715,
    0.03900260011619261,
    0.1742690689937394,
    -0.181281404647888
  ],
  "interpretation": {
    "max_nonlinear_attr_layer": 12,
    "max_nonlinear_obj_layer": 13,
    "max_mi_gap_layer": 22,
    "note": "nonlinear_gain > 0 \u8868\u793a\u8be5\u5c42\u5b58\u5728\u7ebf\u6027\u63a2\u9488\u65e0\u6cd5\u6355\u6349\u7684\u975e\u7ebf\u6027\u7f16\u7801\u4fe1\u606f\u3002MI Gap \u5728\u67d0\u5c42\u663e\u8457\u589e\u5927\uff0c\u610f\u5473\u7740 Object/Attr \u4fe1\u606f\u5728\u6b64\u5c42\u5f00\u59cb\u5206\u5316\u3002"
  }
}